# === Services & skills ===
/services/usability-design        /skills/user-experience-design     301!
/services/ux-design               /skills/user-experience-design     301!
/services/design                  /skills/user-experience-design     301!
/skills/user-interface-design     /skills/user-experience-design     301!
/services/perch                   /blog/everything-has-its-time      301!
/skills/perch-cms                 /blog/everything-has-its-time      301!
/services/front-end-development   /skills/frontend-development       301!
/skills/html-email                /skills/frontend-development       301!
/consultancy                      /services/consultancy              301!


# === Blog → Resources (one-offs) ===
/2012-05-30-freeagent                                 /blog/freeagent                                  301!
/freeagent                                            /blog/freeagent                                  301!
/blog/why-you-need-a-privacy-policy                   /resources/why-you-need-a-privacy-policy        301!
/blog/google-gets-serious-about-ssl                   /resources/google-gets-serious-about-ssl        301!
/blog/what-search-engines-want                        /resources/what-search-engines-want             301!
/blog/what-you-see-isnt-what-you-get                  /resources/what-you-see-isnt-what-you-get       301!
/blog/ssl-for-everyone                                /resources/ssl-for-everyone                     301!
/blog/website-updates-and-avoiding-content-loss       /resources/website-updates-and-avoiding-content-loss 301!
/blog/types-of-email-and-when-to-use-each             /resources/types-of-email-and-when-to-use-each  301!
/resources/regular-backups-are-important/contact      /resources/regular-backups-are-important        301!
/blog/regular-backups-are-important                   /resources/regular-backups-are-important        301!
/blog/edit-your-blog-posts-off-line                   /resources/edit-your-blog-posts-off-line        301!
/blog/design-and-build-for-the-worst-case-scenario    /resources/design-and-build-for-the-worst-case-scenario 301!
/blog/look-after-your-domain-name                     /resources/look-after-your-domain-name          301!
/blog/domain-names                                    /resources/domain-names                         301!
/blog/regular-website-maintenance                     /resources/regular-website-maintenance          301!
/blog/website-video                                   /resources/website-video                        301!
/blog/bookmark-icons                                  /resources/bookmark-icons                       301!
/blog/giving-social-media-the-right-information       /resources/giving-social-media-the-right-information 301!
/blog/tidy-up-your-sites-addresses-for-search         /resources/tidy-up-your-sites-addresses-for-search 301!
/blog/mobile-friendly-markers                         /resources/mobile-friendly-markers              301!
/blog/the-three-golden-rules-of-sending-marketing-emails /resources/the-three-golden-rules-of-sending-marketing-emails 301!
/blog/displaying-an-email-address-on-your-website     /resources/displaying-an-email-address-on-your-website 301!
/resources/displaying-an-email-address-on...          /resources/displaying-an-email-address-on-your-website 301!
/blog/what-is-meta-data                               /resources/what-is-meta-data                    301!
/blog/webfonts                                        /resources/webfonts                             301!
/blog/how-the-web-works                               /resources/how-the-web-works                    301!
/blog/what-is-ssl-and-is-it-worth-the-bother          /resources/what-is-ssl-and-is-it-worth-the-bother 301!
/blog/image-cropping                                  /resources/image-cropping                       301!
/blog/why-i-changed-my-baseline                       /resources/why-i-changed-my-baseline            301!
/blog/page-titles                                     /resources/page-titles                          301!
/blog/the-great-unknown                               /resources/the-great-unknown                    301!
/blog/taking-a-break-without-neglecting-your-business /resources/taking-a-break-without-neglecting-your-business 301!
/blog/are-you-living-in-the-past                      /resources/are-you-living-in-the-past           301!
/blog/how-to-write-a-link-using-markdown              /resources/how-to-write-a-link-using-markdown   301!
/blog/how-to-write-a-link                             /resources/how-to-write-a-link                  301!
/blog/password-security                               /resources/password-security                    301!
/resources/](/blog/password-security)                 /resources/password-security                    301!
/resources/%5D%28/blog/password-security%29           /resources/password-security                    301!
/blog/how-headings-work                               /resources/how-headings-work                    301!
/blog/what-is-markdown                                /resources/what-is-markdown                     301!
/blog/markdown-cheatsheet                             /resources/markdown-cheatsheet                  301!
/blog/how-can-twitter-help-my-business                /resources/how-can-twitter-help-my-business     301!
/blog/ios-email-set-up                                /resources/ios-email-set-up                     301!
/blog/android-email-set-up                            /resources/android-email-set-up                 301!
/blog/contact-forms                                   /resources/contact-forms                        301!
/blog/do-i-need-a-cms                                 /resources/do-i-need-a-cms                      301!
/blog/should-you-go-responsive                        /resources/should-you-go-responsive             301!
/blog/responsive                                      /resources/should-you-go-responsive             301!
/blog/disability-on-the-web                           /resources/disability-on-the-web                301!
/blog/calls-to-action                                 /resources/calls-to-action                      301!
/blog/links-make-the-web-go-round                     /resources/links-make-the-web-go-round          301!
/blog/making-the-most-of-your-blog-posts              /resources/making-the-most-of-your-blog-posts   301!
/blog/image-alt-text                                  /resources/image-alt-text                       301!
/blog/little-by-little                                /resources/little-by-little                     301!
/blog/like-follow-no-thanks                           /resources/like-follow-no-thanks                301!
/blog/google-places                                   /resources/google-places                        301!
/blog/cms-updates                                     /resources/cms-updates                          301!
/blog/page-descriptions                               /resources/page-descriptions                    301!
/blog/reduce-spam                                     /resources/reduce-spam                          301!
/blog/domain-name-renewals                            /resources/domain-name-renewals                 301!
/blog/google-history-and-your-ranking                 /resources/google-history-and-your-ranking      301!
/blog/facebook-business-pages                         /resources/facebook-business-pages              301!
/blog/writing-your-website                            /resources/writing-your-website                 301!
/blog/older-browsers                                  /resources/older-browsers                       301!
/blog/why-do-i-need-a-website                         /resources/why-do-i-need-a-website              301!
/blog/branded-email                                   /resources/branded-email                        301!
/blog/keywords                                        /resources/keywords                             301!
/blog/do-i-need-a-mobile-website                      /resources/do-i-need-a-mobile-website           301!
/blog/whats-in-a-browser                              /resources/whats-in-a-browser                   301!
/blog/why-should-i-blog                               /resources/why-should-i-blog                    301!
/blog/google-whats-the-fuss                           /resources/google-whats-the-fuss                301!
/blog/qr-readers                                      /resources/qr-readers                           301!
/blog/the-types-of-email                              /resources/the-types-of-email                   301!
/blog/google-analytics                                /resources/google-analytics                     301!
/blog/discrimination-on-the-web                       /resources/disability-on-the-web                301!
/resources/discrimination-on-the-web                  /resources/disability-on-the-web                301!
/blog/imap-for-your-mac                               /resources/the-types-of-email                   301!
/blog/pop-for-your-mac/                               /resources/the-types-of-email                   301!
/blog/pop-for-your-pc/                                /resources/the-types-of-email                   301!
/blog/markdown-is-great                               /resources/what-is-markdown                     301!


# === Category redirects ===
/category/                        /categories                         301!
/search                           /categories                         301!
/category/gmail                   /category/email                     301!
/blog/category/apps               /category/tools                     301!
/blog/category/design-and-build   /category/design                    301!
/blog/category/gathering-content  /category/content                   301!
/blog/category/ongoing-work       /blog/                              301!
/blog/category/opinion            /blog/                              301!
/blog/category/planning           /category/website-admin             301!
/blog/category/resources          /resources/                         301!
/blog/category/set-up             /resources/                         301!
/blog/category/setup              /resources/                         301!
/blog/category/*                  /category/:splat                    301!
/resources/category/social-media  /category/marketing                 301!
/resources/category/updates       /category/website-admin             301!
/resources/category/admin         /category/website-admin             301!
/resources/category/*             /category/:splat                    301!
/categories/category/*            /category/:splat                    301!


# === Tags ===
/blog/tag/focus                   /category/content                   301!
/blog/tag/gadgets                 /category/tools                     301!
/blog/tag/google                  /category/search                    301!
/blog/tag/holidays                /category/business                  301!
/blog/tag/images                  /category/content                   301!
/blog/tag/keeping-in-touch        /category/marketing                 301!
/blog/tag/maintenance             /category/website-admin             301!
/blog/tag/measurement             /category/website-admin             301!
/blog/tag/mobile-friendly         /category/search                    301!
/blog/tag/seo                     /category/search                    301!
/blog/tag/fonts                   /category/design                    301!
/blog/tag/interruptions           /blog/controlling-email             301!
/blog/tag/social                  /category/marketing                 301!
/blog/tag/social-media            /category/marketing                 301!
/blog/tag/speed                   /category/performance               301!
/blog/tag/twitter                 /category/marketing                 301!
/blog/tag/video                   /category/content                   301!
/blog/tag/work-life-balance       /category/business                  301!
/blog/tag/writing                 /category/content                   301!
/blog/tag/backup                  /resources/                         301!
/blog/tag/ios                     /category/apple                     301!
/blog/tag/browsers                /category/accessibility             301!
/blog/tag/cms                     /category/content                   301!
/blog/tag/core-concepts           /category/performance               301!
/blog/tag/engagement              /category/marketing                 301!
/blog/tag/*                       /category/:splat                    301!


# === Portfolio ===
/portfolio.php              /portfolio/    301!
/projects/                  /portfolio/    301!
/work/                      /portfolio/    301!
/projects/ems-publishing    /portfolio/    301!
/projects/gusto-research    /portfolio/    301!
/portfolio/gusto-research   /portfolio/    301!


# === Other redirects ===
/blog/going-all-in-on-icloud-password      /blog/going-all-in-on-icloud-passwords   301!
/blog/using-pandoc-to-convert-markdown-to-textile-in-sublime-text /blog/using-pandoc-to-convert-markdown-to-jiras-textile-in-sublime-text 301!
/blog/critical-css-why-its-good-and-how-it-works  /blog/critical-css-what-it-is-why-its-useful-and-how-it-works 301!
/blog/high-contrast-mode                         /blog/using-the-increased-contrast-mode-css-media-query 301!
/high-contrast-mode                               /blog/using-the-increased-contrast-mode-css-media-query 301!
/blog/styling-underlines-with-css.html           /blog/styling-underlines-with-css               301!
/blog/free-security-updates                      /blog/                                         301!
/resources/types-of-email-and-when-to-use%C2%A0each  /resources/types-of-email-and-when-to-use-each 301!
/blog/dropbox-%E2%80%93-my-most-useful-app      /blog/dropbox-my-most-useful-app               301!
/blog/dropbox-%C3%A2%E2%82%AC%E2%80%9C-my-most-useful-app /blog/dropbox-my-most-useful-app       301!
/blog/using-nvm                                  /blog/using-nvm-on-macos                       301!
/blog/blog/thoughts-on-3d-touch                  /blog/thoughts-on-3d-touch                     301!
/blog/dashes,-asterisks-and-plus-signs           /blog/dashes-asterisks-and-plus-signs          301!
/blog/dropbox-%C3%A2%C2%80%C2%93-my-most-useful-app /blog/dropbox-my-most-useful-app            301!
/blog/lets-make-webmasters-a-thing-again+2020-03-03+00:16:42+0+5 /blog/lets-make-webmasters-a-thing-again 301!
/blog/front-end-front-end-or-front-end           /blog/frontend-front-end-or-front-end          301!
/blog/front-end-frontend-or-front-end            /blog/frontend-front-end-or-front-end          301!
/feeds/blog/an-introduction-to-html-attributes   /blog/an-introduction-to-html-attributes       301!
/blog/blog/an-introduction-to-html-attributes    /blog/an-introduction-to-html-attributes       301!
/blog/giving-your-stash-a-name                   /blog/giving-your-git-stash-a-name             301!
/giving-your-stash-a-name                        /blog/giving-your-git-stash-a-name             301!
/blog/blog/scroll-bounce-page-background-colour  /blog/scroll-bounce-page-background-colour     301!
/blog/renaming-the-master-branch-on-github       /blog/how-to-rename-the-master-branch-on-github 301!
/blog/wcag-but-in-language-i-can-understand#331-error-identification /blog/wcag-but-in-language-i-can-understand#331-error-identification-and-333-error-suggestion 301!
/blog/wcag-but-in-language-i-can-understand#333-error-suggestion /blog/wcag-but-in-language-i-can-understand#331-error-identification-and-333-error-suggestion 301!
/blog/wcag-but-in-language-i-can-understand#321-on-focus  /blog/wcag-but-in-language-i-can-understand#321-on-focus-and-322-on-input 301!
/blog/wcag-but-in-language-i-can-understand#322-on-input  /blog/wcag-but-in-language-i-can-understand#321-on-focus-and-322-on-input 301!
/blog/123-audio-description-or-media-alternative-prerecorded-and-125-audio-description-prerecorded /blog/wcag-but-in-language-i-can-understand#125-audio-description-prerecorded 301!
/blog/accessible-animation-without-the-compromise  /blog/accessible-animated-content-without-the-compromise 301!
/blog/wcag-2-2-in-language-i-can-understand#2411-focus-appearance-minimum  /blog/wcag-2-2-in-language-i-can-understand#2413-focus-appearance 301!
/blog/wcag-2-2-in-language-i-can-understand#2411-focus-appearance  /blog/wcag-2-2-in-language-i-can-understand#2413-focus-appearance 301!
/blog/wcag-2-2-in-language-i-can-understand#2412-focus-appearance-enhanced /blog/wcag-2-2-in-language-i-can-understand#2413-focus-appearance 301!
/blog/wcag-2-2-in-language-i-can-understand#2412-focus-not-obscured-minimum /blog/wcag-2-2-in-language-i-can-understand#2411-focus-not-obscured-minimum 301!
/blog/wcag-2-2-in-language-i-can-understand#2413-focus-not-obscured-enhanced /blog/wcag-2-2-in-language-i-can-understand#2412-focus-not-obscured-enhanced 301!
/blog/wcag-2-2-in-language-i-can-understand#2413-page-break-navigation /blog/wcag-2-2-in-language-i-can-understand 301!
/blog/wcag-2-2-in-language-i-can-understand#327-visible-controls /blog/wcag-2-2-in-language-i-can-understand 301!
/blog/wcag-2-2-in-language-i-can-understand#338-redundant-entry /blog/wcag-2-2-in-language-i-can-understand#337-redundant-entry 301!
/blog/wcag-2-2-in-language-i-can-understand#339-redundant-entry /blog/wcag-2-2-in-language-i-can-understand#337-redundant-entry 301!
/blog/wcag-2-2-in-language-i-can-understand#337-accessible-authentication /blog/wcag-2-2-in-language-i-can-understand#338-accessible-authentication-minimum 301!
/blog/wcag-2-2-in-language-i-can-understand#338-accessible-authentication-no-exception /blog/wcag-2-2-in-language-i-can-understand#339-accessible-authentication-enhanced 301!
/blog/wcag-2-2-in-language-i-can-understand#338-accessible-authentication-enhanced /blog/wcag-2-2-in-language-i-can-understand#339-accessible-authentication-enhanced 301!
/blog/minimum-focus-appearance-explained         /blog/focus-appearance-explained               301!


# === Portfolio ===
/portfolio.php                   /portfolio/          301!
/projects/                       /portfolio/          301!
/work/                           /portfolio/          301!
/projects/ems-publishing         /portfolio/          301!
/projects/gusto-research         /portfolio/          301!
/portfolio/gusto-research        /portfolio/          301!


# === Other page and asset redirects ===
/blog/imap-for-your-mobile-device            /resources/the-types-of-email               301!
/2012-04-28-evernote                         /blog/evernote                              301!
/blog/imap-for-your-pc                       /resources/the-types-of-email               301!
/blog/mac-email-setup                        /resources/                                 301!
/contact.php/subscribe                       /newsletter/                                301!
/contact.php/like-follow-no-thanks           /resources/like-follow-no-thanks            301!
/resources/google-whats-the-fuss             /resources/google-plus-whats-the-fuss       301!
/about%E2%80%AC                              /about                                      301!
/legal/                                      /privacy-policy                             301!
/legal/terms                                 /terms                                      301!
/legal/privacy-policy                        /privacy-policy                             301!
/error                                       /404                                        301!
/subscribe                                   /keep-in-touch                              301!
/testimonials/jonny-p%C3%A9nzes-underhill    /testimonials/jonny-penzes-underhill        301!
/resources/contact                           /contact                                    301!
/about/colophon                              /colophon                                   301!
/assets/js/production.js                     /404                                        301!
/assets/css/style.css                        /404                                        301!

# Feeds
/blog/rss                 /feeds/main.xml      301!
/feeds/blog/rss.xml       /feeds/main.xml      301!
/feeds/blog/feed.xml      /feeds/main.xml      301!
/blog/json                /feeds/main.json     301!
/feeds/blog/feed.json     /feeds/main.json     301!

# Images and icons
/cms/resources/blog/internet-explorer-icon.png     /assets/img/summary.png 301!
/assets/img/tempertemper-web-design-logo-facebook.jpg /assets/img/summary.png 301!
/assets/images/tempertemper-web-design-logo-facebook.jpg /assets/img/summary.png 301!
/cms/addons/feathers/tempertemper/*                /404                    301!
/assets/img/icons/favicon.png                      /favicon.ico            301!
/apple-touch-icon-precomposed.png                  /assets/img/icons/apple-touch-icon.png 301!
/apple-touch-icon.png                              /assets/img/icons/apple-touch-icon.png 301!
/apple-touch-icon-76x76.png                        /assets/img/icons/apple-touch-icon.png 301!
/assets/img/icons/apple-touch-icon-76x76.png       /assets/img/icons/apple-touch-icon.png 301!
/apple-touch-icon-114x114.png                      /assets/img/icons/apple-touch-icon.png 301!
/apple-touch-icon-144x144.png                      /assets/img/icons/apple-touch-icon.png 301!
/apple-touch-icon-144x144-precomposed.png          /assets/img/icons/apple-touch-icon.png 301!
/apple-touch-icon-120x120.png                      /assets/img/icons/apple-touch-icon.png 301!
/apple-touch-icon-120x120-precomposed.png          /assets/img/icons/apple-touch-icon.png 301!
/assets/img/icons/apple-touch-icon-120x120.png     /assets/img/icons/apple-touch-icon.png 301!
/assets/img/icons/apple-touch-icon-152x152.png     /assets/img/icons/apple-touch-icon.png 301!
/assets/img/icons/apple-touch-icon-167x167.png     /assets/img/icons/apple-touch-icon.png 301!
/assets/img/icons/apple-touch-icon-180x180.png     /assets/img/icons/apple-touch-icon.png 301!
/assets/img/case-studies/tast-list--incomplete-state.png /assets/img/case-studies/task-list--incomplete-state.png 301!
/assets/img/case-studies/tast-list--plain-text.png       /assets/img/case-studies/task-list--plain-text.png       301!
/assets/img/case-studies/tast-list--black-no-blanks.png  /assets/img/case-studies/task-list--black-no-blanks.png  301!
/assets/img/icons/icon.svg                         /assets/img/icons/favicon.svg 301!

# Newsletter
/mailing-list                 /newsletter/                 301!
/mailing-list/unsubscribe     /newsletter/unsubscribe      301!
/mailing-list/unsubscribed    /newsletter/unsubscribed     301!
/mailing-list/subscribe       /newsletter/                 301!
/mailing-list/subscribed      /newsletter/subscribed       301!

# Spam and probes
/security.txt                       /.well-known/security.txt 301!
/sitemap.txt                        /sitemap.xml              301!
/forums                             /404                      301!
*/wlwmanifest.xml                   /404                      301!
*/wp-login.php                      /404                      301!
/wordpress/                         /404                      301!
/wp/                                /404                      301!
/test/                              /404                      301!
/backup/                            /404                      301!
/index.php                          /                         301!
/download.php                       /404                      301!
/license.php                        /terms                    301!
/ferretcareinterview.com/           /404                      301!
/. git/HEAD                         /404                      301!
/post.php                           /blog/                    301!
/blog/post                          /blog/                    301!
/. env                              /404                      301!
/this-url-does-not-exist            /404                      301!
*/this-post-does-not-exist          /blog/                    301!
/index2                             /                         301!
/public/js/wind.js                  /404                      301!
/...                                /                         301!
/xmlrpc.php                         /404                      301!
/ads.txt                            /404                      301!
/static/.gitignore                  /404                      301!
/old/                               /404                      301!
/public/js/image.js                 /404                      301!
/js/comm.js                         /404                      301!
/statics/js/admin_common.js         /404                      301!
/public/simpleboot/css/simplebootadmin.css /404               301!
/js/tc.js                           /404                      301!
/data/admin/allowurl.txt            /404                      301!
/plus/mytag_js.php                  /404                      301!
/config/AspCms_Config.asp           /404                      301!
*/eval-stdin.php                    /404                      301!
/admin/                             /404                      301!
/admin.php                          /404                      301!
/wp-admin/*                         /404                      301!
/wp-content/*                       /404                      301!
/wp-includes/*                      /404                      301!
*/humans.txt                        /humans.txt               301!
/blog/using-image-aspect-ratios-to-avoiding-janky-page-loading&sa=U&ved=2ahUKEwieg_XFjtrwAhVPe8AKHZ_2CwsQtwIwKHoECBMQAQ&usg=AOvVaw1-93vA3o7ylVnpCBPwlen6 /blog/using-image-aspect-ratios-to-avoiding-janky-page-loading 301!
/blog/using-the-html-document-outlinehttps://www.a11yproject.com/posts/2019-02-15-creating-valid-and-accessible-links/ /blog/using-the-html-document-outline 301!

# External
/youtube     https://www.youtube.com/tempertemper   301!
/playground  https://playground.tempertemper.net    301!
